<?xml version="1.0" encoding="UTF-8" standalone="no"?><FacturaElectronica xmlns="https://cdn.comprobanteselectronicos.go.cr/xml-schemas/v4.3/facturaElectronica" xmlns:xsd="http://www.w3.org/2001/XMLSchema" xmlns:xsi="http://www.w3.org/2001/XMLSchema-instance"><Clave>50618072400310144214100100001010000013632100038487</Clave><CodigoActividad>523402</CodigoActividad><NumeroConsecutivo>00100001010000013632</NumeroConsecutivo><FechaEmision>2024-07-18T13:05:05-06:00</FechaEmision><Emisor><Nombre>Accesorios Eléctricos Ríos S.A.</Nombre><Identificacion><Tipo>02</Tipo><Numero>3101442141</Numero></Identificacion><NombreComercial>Accesorios Eléctricos Ríos</NombreComercial><Ubicacion><Provincia>5</Provincia><Canton>01</Canton><Distrito>01</Distrito><Barrio>02</Barrio><OtrasSenas>Costado norte del Maxi Pali</OtrasSenas></Ubicacion><Telefono><CodigoPais>506</CodigoPais><NumTelefono>26668686</NumTelefono></Telefono><Fax><CodigoPais>506</CodigoPais><NumTelefono>26668686</NumTelefono></Fax><CorreoElectronico>rorifercr@gmail.com</CorreoElectronico></Emisor><Receptor><Nombre>AUTOS CORCOBADO INTERNACIONAL SOCIEDAD ANONIMA    </Nombre><Identificacion><Tipo>02</Tipo><Numero>3101129230</Numero></Identificacion><NombreComercial>AUTOS CORCOBADO INTERNACIONAL SOCIEDAD ANONIMA                                  </NombreComercial><Telefono><CodigoPais>506</CodigoPais><NumTelefono>25866310</NumTelefono></Telefono></Receptor><CondicionVenta>01</CondicionVenta><PlazoCredito>0</PlazoCredito><MedioPago>01</MedioPago><DetalleServicio><LineaDetalle><NumeroLinea>1</NumeroLinea><Codigo>6256500000000</Codigo><Cantidad>2.000</Cantidad><UnidadMedida>Unid</UnidadMedida><UnidadMedidaComercial>Und</UnidadMedidaComercial><Detalle>FUSIBLE  1A EUROPEO VIDRIO PEQ.16MM</Detalle><PrecioUnitario>265.48673</PrecioUnitario><MontoTotal>530.97346</MontoTotal><SubTotal>530.97346</SubTotal><Impuesto><Codigo>01</Codigo><CodigoTarifa>08</CodigoTarifa><Tarifa>13.00000</Tarifa><Monto>69.02655</Monto></Impuesto><MontoTotalLinea>600.00001</MontoTotalLinea></LineaDetalle></DetalleServicio><ResumenFactura><CodigoTipoMoneda><CodigoMoneda>CRC</CodigoMoneda><TipoCambio>1.00000</TipoCambio></CodigoTipoMoneda><TotalServGravados>0.00000</TotalServGravados><TotalServExentos>0.00000</TotalServExentos><TotalServExonerado>0.00000</TotalServExonerado><TotalMercanciasGravadas>530.97346</TotalMercanciasGravadas><TotalMercanciasExentas>0.00000</TotalMercanciasExentas><TotalMercExonerada>0.00000</TotalMercExonerada><TotalGravado>530.97346</TotalGravado><TotalExento>0.00000</TotalExento><TotalExonerado>0.00000</TotalExonerado><TotalVenta>530.97346</TotalVenta><TotalDescuentos>0.00000</TotalDescuentos><TotalVentaNeta>530.97346</TotalVentaNeta><TotalImpuesto>69.02655</TotalImpuesto><TotalComprobante>600.00001</TotalComprobante></ResumenFactura><ds:Signature xmlns:ds="http://www.w3.org/2000/09/xmldsig#" Id="xmldsig-b03672b0-6c8a-4a36-b3ad-4da6270e0cb8">
<ds:SignedInfo>
<ds:CanonicalizationMethod Algorithm="http://www.w3.org/TR/2001/REC-xml-c14n-20010315"/>
<ds:SignatureMethod Algorithm="http://www.w3.org/2001/04/xmldsig-more#rsa-sha256"/>
<ds:Reference Id="xmldsig-b03672b0-6c8a-4a36-b3ad-4da6270e0cb8-ref0" URI="">
<ds:Transforms>
<ds:Transform Algorithm="http://www.w3.org/2000/09/xmldsig#enveloped-signature"/>
</ds:Transforms>
<ds:DigestMethod Algorithm="http://www.w3.org/2001/04/xmlenc#sha256"/>
<ds:DigestValue>x5NlnGdBL54iB3D2sibVmxeAFqUCLr6ouX4Qcbt2oYo=</ds:DigestValue>
</ds:Reference>
<ds:Reference Type="http://uri.etsi.org/01903#SignedProperties" URI="#xmldsig-b03672b0-6c8a-4a36-b3ad-4da6270e0cb8-signedprops">
<ds:Transforms>
<ds:Transform Algorithm="http://www.w3.org/TR/2001/REC-xml-c14n-20010315"/>
</ds:Transforms>
<ds:DigestMethod Algorithm="http://www.w3.org/2001/04/xmlenc#sha256"/>
<ds:DigestValue>w9mwIHFj73iDrsuflRpTVglqGMN2i0I5C1sMrfvnDdU=</ds:DigestValue>
</ds:Reference>
</ds:SignedInfo>
<ds:SignatureValue Id="xmldsig-b03672b0-6c8a-4a36-b3ad-4da6270e0cb8-sigvalue">
QbInUOF+n+a/2O/GR6l6b9H7l31J2hOp5zHJN6DrvpYZKqwdl8qxDMHGNXHn+xBkpRE5gJS/4TeX&#13;
LQVEzAnyS1z6R9cz/DYdu9BO41GUfmyyJkVv8IWNNB1m5wZwVV+8Y8UKsTOWRMEe+Tllaox0EtDi&#13;
JU/N0LBh2bzYXcr0GfD0rFICPOMFqCPyMyjSt7J6DmC56hwnYHMrngO9LuPLvn+CjQ66bNOIbTuX&#13;
QmDU0cHPDlfD/hTyHzn1PCpME/I9/O2Qsrac+jwrYM8YdzoweVP/nzhqWp4RvTjGCfv/5hQ0V6qo&#13;
dH0rCmczj5b6nT5Rv+8DZ5cQZ40zmm1DqCWWvw==
</ds:SignatureValue>
<ds:KeyInfo>
<ds:X509Data>
<ds:X509Certificate>
MIIFLTCCAxWgAwIBAgIGAYLq1bOpMA0GCSqGSIb3DQEBCwUAMFoxCzAJBgNVBAYTAkNSMR8wHQYD&#13;
VQQKDBZNSU5JU1RFUklPIERFIEhBQ0lFTkRBMQwwCgYDVQQLDANER1QxHDAaBgNVBAMME0NBIFBF&#13;
UlNPTkEgSlVSSURJQ0EwHhcNMjIwODI5MTgyMDQ5WhcNMjYwODI4MTgyMDQ5WjCBhzEZMBcGA1UE&#13;
BRMQQ1BKLTMtMTAxLTQ0MjE0MTELMAkGA1UEBhMCQ1IxGTAXBgNVBAoMEFBFUlNPTkEgSlVSSURJ&#13;
Q0ExDDAKBgNVBAsMA0NQSjE0MDIGA1UEAwwrQUNDRVNPUklPUyBFTEVDVFJJQ09TIFJJT1MgU09D&#13;
SUVEQUQgQU5PTklNQTCCASIwDQYJKoZIhvcNAQEBBQADggEPADCCAQoCggEBAJGxBeJy48dBF2J+&#13;
matVxE6I40MuZ5IgP0RtbWVsOMjKN6Nt+ykn4gt7BvqflwisbVUx3Msx+eJ7KWgH1l6i1AuERp7S&#13;
4bYDTMOa0u01fEEO7s//2vYUtQePa1e2rCHQFqzCsOxxqz6yKfj/rxnFqCpVtNCVQ1xb7M2Pqf/9&#13;
Fa3YyLI+yytDKTzom1o4r92TBnpHMP9J/a6BhOEll7UPo+0O6Ol544KYO9rufP4T3zQKuevzEpoj&#13;
LxSpvnIHP8R+tPxb6MNUdYr2Em3HKc9vyqCyJPrR3cTPbr6MIOcvOZQktrOF8CGf/2ZlaQLS6iEz&#13;
5c4yqKRrSIoZ3DfTOJg4lT0CAwEAAaOByjCBxzAfBgNVHSMEGDAWgBQ7bVf11nzpnhACIEHjvRrM&#13;
z7NOlTAdBgNVHQ4EFgQUw5/vYcigHveaI8qLhD0HwNW/ltcwCwYDVR0PBAQDAgbAMBMGA1UdJQQM&#13;
MAoGCCsGAQUFBwMEMGMGCCsGAQUFBwEBBFcwVTBTBggrBgEFBQcwAoZHaHR0cHM6Ly9wa2kuY29t&#13;
cHJvYmFudGVzZWxlY3Ryb25pY29zLmdvLmNyL3Byb2QvaW50ZXJtZWRpYXRlLXBqLXBlbS5jcnQw&#13;
DQYJKoZIhvcNAQELBQADggIBAH4AHYyPqzxnB579viwzh+ZWf6ezg8mgX4jJbgKzrwPgUMKY7gMx&#13;
7CgJqNmPWeCWji4YKi6eKhgHJj9iuhp5xQEy9t3aue+SyyUm46ri6Ci2gZnynfBZun8Y/rAgfg0G&#13;
/M3A2m0UVP1J2NslI+E7hzB/vT2Atk/m0RY7g9tLxnTqR9BupZECAh90yhc7dl++rMoNqyL4HnvP&#13;
5zPtv/qpScDyN1rv6dbAZCdGs0s1ou9Ls7OqlrIS2vds/G8Jg2n1HfUXOgYObLxMXtz5QHUWmBGK&#13;
t8MPTbDEOKkV2cPvAxWxeUylA2dZpFU6COiDLD7wU9D9UM+eeJ2AoAlcupnTLLpTmFIUoA9Qc/yY&#13;
+aAM1FlZXx9tYMZwiCSQ+gKb9Hrpc3XhW99qZVJTseT5SXZ3Zm/M7DoRHJ2kEnhMXo91YrtukHO3&#13;
apa5hW2I46kJZYFnJvq5aFpmGma+HCY4e7PbIh5uBUM+9hg8XCcyFCohb1zo1trBlUI2FNjxghbt&#13;
DA/45NoC+5wwiZqIwPuzC1pwEu22buOn14iNjR3PdjMDl4QnGSaNMg9odBTBxqFA4qLh31xX/N7X&#13;
GcVSNKcqxDKk5oC/tpoX24/uGE+8coZQFNmEpH20qCQV/t45DcoBpoEJLd9G0DySTa85fKYg0HTo&#13;
ehCIhVSxSut4rp9yYbXrJjIT
</ds:X509Certificate>
<ds:X509SubjectName>CN=ACCESORIOS ELECTRICOS RIOS SOCIEDAD ANONIMA,OU=CPJ,O=PERSONA JURIDICA,C=CR,2.5.4.5=#131043504a2d332d3130312d343432313431</ds:X509SubjectName>
<ds:X509IssuerSerial>
<ds:X509IssuerName>CN=CA PERSONA JURIDICA,OU=DGT,O=MINISTERIO DE HACIENDA,C=CR</ds:X509IssuerName>
<ds:X509SerialNumber>1661797249961</ds:X509SerialNumber>
</ds:X509IssuerSerial>
</ds:X509Data>
<ds:KeyValue>
<ds:RSAKeyValue>
<ds:Modulus>
kbEF4nLjx0EXYn6Zq1XETojjQy5nkiA/RG1tZWw4yMo3o237KSfiC3sG+p+XCKxtVTHcyzH54nsp&#13;
aAfWXqLUC4RGntLhtgNMw5rS7TV8QQ7uz//a9hS1B49rV7asIdAWrMKw7HGrPrIp+P+vGcWoKlW0&#13;
0JVDXFvszY+p//0VrdjIsj7LK0MpPOibWjiv3ZMGekcw/0n9roGE4SWXtQ+j7Q7o6Xnjgpg72u58&#13;
/hPfNAq56/MSmiMvFKm+cgc/xH60/Fvow1R1ivYSbccpz2/KoLIk+tHdxM9uvowg5y85lCS2s4Xw&#13;
IZ//ZmVpAtLqITPlzjKopGtIihncN9M4mDiVPQ==
</ds:Modulus>
<ds:Exponent>AQAB</ds:Exponent>
</ds:RSAKeyValue>
</ds:KeyValue>
</ds:KeyInfo>
<ds:Object><xades:QualifyingProperties xmlns:xades="http://uri.etsi.org/01903/v1.3.2#" xmlns:xades141="http://uri.etsi.org/01903/v1.4.1#" Target="#xmldsig-b03672b0-6c8a-4a36-b3ad-4da6270e0cb8"><xades:SignedProperties Id="xmldsig-b03672b0-6c8a-4a36-b3ad-4da6270e0cb8-signedprops"><xades:SignedSignatureProperties><xades:SigningTime>2024-07-18T13:05:09.817-06:00</xades:SigningTime><xades:SigningCertificate><xades:Cert><xades:CertDigest><ds:DigestMethod Algorithm="http://www.w3.org/2001/04/xmlenc#sha256"/><ds:DigestValue>J2GX1c80lW5mbsp/JguDNM5rOeR7yR1Sy5Pq5FaFFOk=</ds:DigestValue></xades:CertDigest><xades:IssuerSerial><ds:X509IssuerName>CN=CA PERSONA JURIDICA,OU=DGT,O=MINISTERIO DE HACIENDA,C=CR</ds:X509IssuerName><ds:X509SerialNumber>1661797249961</ds:X509SerialNumber></xades:IssuerSerial></xades:Cert></xades:SigningCertificate><xades:SignaturePolicyIdentifier><xades:SignaturePolicyId><xades:SigPolicyId><xades:Identifier Qualifier="OIDAsURI">oid:/1.2.4.0.9.4.5</xades:Identifier><xades:Description>Policy description</xades:Description></xades:SigPolicyId><xades:SigPolicyHash><ds:DigestMethod Algorithm="http://www.w3.org/2001/04/xmlenc#sha256"/><ds:DigestValue>MaW9PDxJruPHhjBVAMWyrF9zP+kMnNqkoQOUXxDDGAk=</ds:DigestValue></xades:SigPolicyHash><xades:SigPolicyQualifiers><xades:SigPolicyQualifier><xades:SPURI>http://www.example.com/policy</xades:SPURI></xades:SigPolicyQualifier></xades:SigPolicyQualifiers></xades:SignaturePolicyId></xades:SignaturePolicyIdentifier></xades:SignedSignatureProperties></xades:SignedProperties></xades:QualifyingProperties></ds:Object>
</ds:Signature></FacturaElectronica>