<?xml version="1.0" encoding="UTF-8"?><TiqueteElectronico xmlns="https://cdn.comprobanteselectronicos.go.cr/xml-schemas/v4.3/tiqueteElectronico" xmlns:ns2="http://www.w3.org/2000/09/xmldsig#">
    <Clave>50609072400400004213800100001040028707450109241171</Clave>
    <CodigoActividad>410001</CodigoActividad>
    <NumeroConsecutivo>00100001040028707450</NumeroConsecutivo>
    <FechaEmision>2024-07-09T04:05:03.692-06:00</FechaEmision>
    <Emisor>
        <Nombre>INSTITUTO COSTARRICENSE DE ACUEDUCTOS Y ALCANTARILLADOS</Nombre>
        <Identificacion>
            <Tipo>02</Tipo>
            <Numero>4000042138</Numero>
        </Identificacion>
        <NombreComercial>INSTITUTO COSTARRICENSE DE ACUEDUCTOS Y ALCANTARILLADOS</NombreComercial>
        <Ubicacion>
            <Provincia>1</Provincia>
            <Canton>01</Canton>
            <Distrito>09</Distrito>
            <Barrio>01</Barrio>
            <OtrasSenas>Pavas</OtrasSenas>
        </Ubicacion>
        <Telefono>
            <CodigoPais>506</CodigoPais>
            <NumTelefono>22425464</NumTelefono>
        </Telefono>
        <Fax>
            <CodigoPais>506</CodigoPais>
            <NumTelefono>22425057</NumTelefono>
        </Fax>
        <CorreoElectronico>contactenos@aya.go.cr</CorreoElectronico>
    </Emisor>
    <Receptor>
        <Nombre>SA AUTOS CORCOBADO INTERNACIONAL</Nombre>
        <Identificacion>
            <Tipo>02</Tipo>
            <Numero>3101129230</Numero>
        </Identificacion>
    </Receptor>
    <CondicionVenta>02</CondicionVenta>
    <PlazoCredito>30</PlazoCredito>
    <MedioPago>01</MedioPago>
    <DetalleServicio>
        <LineaDetalle>
            <NumeroLinea>1</NumeroLinea>
            <Codigo>6921000009900</Codigo>
            <CodigoComercial>
                <Tipo>01</Tipo>
                <Codigo>CC951</Codigo>
            </CodigoComercial>
            <Cantidad>1.000</Cantidad>
            <UnidadMedida>m³</UnidadMedida>
            <Detalle>Cargo fijo agua</Detalle>
            <PrecioUnitario>2000.00000</PrecioUnitario>
            <MontoTotal>2000.00000</MontoTotal>
            <SubTotal>2000.00000</SubTotal>
            <Impuesto>
                <Codigo>01</Codigo>
                <CodigoTarifa>08</CodigoTarifa>
                <Tarifa>13.00</Tarifa>
                <Monto>260.00000</Monto>
            </Impuesto>
            <ImpuestoNeto>260.00000</ImpuestoNeto>
            <MontoTotalLinea>2260.00000</MontoTotalLinea>
        </LineaDetalle>
        <LineaDetalle>
            <NumeroLinea>2</NumeroLinea>
            <Codigo>9411000000000</Codigo>
            <CodigoComercial>
                <Tipo>01</Tipo>
                <Codigo>CC953</Codigo>
            </CodigoComercial>
            <Cantidad>1.000</Cantidad>
            <UnidadMedida>m³</UnidadMedida>
            <Detalle>Cargo fijo alcan</Detalle>
            <PrecioUnitario>1200.00000</PrecioUnitario>
            <MontoTotal>1200.00000</MontoTotal>
            <SubTotal>1200.00000</SubTotal>
            <ImpuestoNeto>0.00000</ImpuestoNeto>
            <MontoTotalLinea>1200.00000</MontoTotalLinea>
        </LineaDetalle>
        <LineaDetalle>
            <NumeroLinea>3</NumeroLinea>
            <Codigo>6921000009900</Codigo>
            <CodigoComercial>
                <Tipo>01</Tipo>
                <Codigo>CC211</Codigo>
            </CodigoComercial>
            <Cantidad>1.000</Cantidad>
            <UnidadMedida>m³</UnidadMedida>
            <Detalle>Consumo de Agua</Detalle>
            <PrecioUnitario>4527.00000</PrecioUnitario>
            <MontoTotal>4527.00000</MontoTotal>
            <SubTotal>4527.00000</SubTotal>
            <Impuesto>
                <Codigo>01</Codigo>
                <CodigoTarifa>08</CodigoTarifa>
                <Tarifa>13.00</Tarifa>
                <Monto>588.51000</Monto>
            </Impuesto>
            <ImpuestoNeto>588.51000</ImpuestoNeto>
            <MontoTotalLinea>5115.51000</MontoTotalLinea>
        </LineaDetalle>
        <LineaDetalle>
            <NumeroLinea>4</NumeroLinea>
            <Codigo>9411000000000</Codigo>
            <CodigoComercial>
                <Tipo>01</Tipo>
                <Codigo>CC213</Codigo>
            </CodigoComercial>
            <Cantidad>1.000</Cantidad>
            <UnidadMedida>m³</UnidadMedida>
            <Detalle>Csmo.alcantarillado</Detalle>
            <PrecioUnitario>4608.00000</PrecioUnitario>
            <MontoTotal>4608.00000</MontoTotal>
            <SubTotal>4608.00000</SubTotal>
            <ImpuestoNeto>0.00000</ImpuestoNeto>
            <MontoTotalLinea>4608.00000</MontoTotalLinea>
        </LineaDetalle>
        <LineaDetalle>
            <NumeroLinea>5</NumeroLinea>
            <Codigo>6921000009900</Codigo>
            <CodigoComercial>
                <Tipo>01</Tipo>
                <Codigo>CC301</Codigo>
            </CodigoComercial>
            <Cantidad>1.000</Cantidad>
            <UnidadMedida>m³</UnidadMedida>
            <Detalle>Hidrantes</Detalle>
            <PrecioUnitario>78.00000</PrecioUnitario>
            <MontoTotal>78.00000</MontoTotal>
            <SubTotal>78.00000</SubTotal>
            <ImpuestoNeto>0.00000</ImpuestoNeto>
            <MontoTotalLinea>78.00000</MontoTotalLinea>
        </LineaDetalle>
        <LineaDetalle>
            <NumeroLinea>6</NumeroLinea>
            <Codigo>9090000000000</Codigo>
            <CodigoComercial>
                <Tipo>01</Tipo>
                <Codigo>CC310</Codigo>
            </CodigoComercial>
            <Cantidad>1.000</Cantidad>
            <UnidadMedida>m³</UnidadMedida>
            <Detalle>Proteccion del Recurso Hidrico(M)</Detalle>
            <PrecioUnitario>39.00000</PrecioUnitario>
            <MontoTotal>39.00000</MontoTotal>
            <SubTotal>39.00000</SubTotal>
            <ImpuestoNeto>0.00000</ImpuestoNeto>
            <MontoTotalLinea>39.00000</MontoTotalLinea>
        </LineaDetalle>
        <LineaDetalle>
            <NumeroLinea>7</NumeroLinea>
            <Codigo>6921000000100</Codigo>
            <CodigoComercial>
                <Tipo>01</Tipo>
                <Codigo>VA721</Codigo>
            </CodigoComercial>
            <Cantidad>1.000</Cantidad>
            <UnidadMedida>m³</UnidadMedida>
            <Detalle>N.D. Ajuste por redondeo</Detalle>
            <PrecioUnitario>0.49000</PrecioUnitario>
            <MontoTotal>0.49000</MontoTotal>
            <SubTotal>0.49000</SubTotal>
            <ImpuestoNeto>0.00000</ImpuestoNeto>
            <MontoTotalLinea>0.49000</MontoTotalLinea>
        </LineaDetalle>
    </DetalleServicio>
    <ResumenFactura>
        <CodigoTipoMoneda>
            <CodigoMoneda>CRC</CodigoMoneda>
            <TipoCambio>1.00000</TipoCambio>
        </CodigoTipoMoneda>
        <TotalServGravados>0.00000</TotalServGravados>
        <TotalServExentos>0.00000</TotalServExentos>
        <TotalServExonerado>0.00000</TotalServExonerado>
        <TotalMercanciasGravadas>6527.00000</TotalMercanciasGravadas>
        <TotalMercanciasExentas>5925.49000</TotalMercanciasExentas>
        <TotalMercExonerada>0.00000</TotalMercExonerada>
        <TotalGravado>6527.00000</TotalGravado>
        <TotalExento>5925.49000</TotalExento>
        <TotalExonerado>0.00000</TotalExonerado>
        <TotalVenta>12452.49000</TotalVenta>
        <TotalDescuentos>0.00000</TotalDescuentos>
        <TotalVentaNeta>12452.49000</TotalVentaNeta>
        <TotalImpuesto>848.51000</TotalImpuesto>
        <TotalIVADevuelto>0.00000</TotalIVADevuelto>
        <TotalOtrosCargos>0.00000</TotalOtrosCargos>
        <TotalComprobante>13301.00000</TotalComprobante>
    </ResumenFactura>
<ds:Signature xmlns:ds="http://www.w3.org/2000/09/xmldsig#" Id="xmldsig-662e468f-cc73-422a-aadd-dacbc3519982">
<ds:SignedInfo>
<ds:CanonicalizationMethod Algorithm="http://www.w3.org/TR/2001/REC-xml-c14n-20010315"/>
<ds:SignatureMethod Algorithm="http://www.w3.org/2001/04/xmldsig-more#rsa-sha256"/>
<ds:Reference Id="xmldsig-662e468f-cc73-422a-aadd-dacbc3519982-ref0" URI="">
<ds:Transforms>
<ds:Transform Algorithm="http://www.w3.org/2000/09/xmldsig#enveloped-signature"/>
</ds:Transforms>
<ds:DigestMethod Algorithm="http://www.w3.org/2001/04/xmlenc#sha256"/>
<ds:DigestValue>99wFOwQOAPnhPUQoK/StONpbZw+y43QtMR62bRWANMc=</ds:DigestValue>
</ds:Reference>
<ds:Reference Type="http://uri.etsi.org/01903#SignedProperties" URI="#xmldsig-662e468f-cc73-422a-aadd-dacbc3519982-signedprops">
<ds:Transforms>
<ds:Transform Algorithm="http://www.w3.org/TR/2001/REC-xml-c14n-20010315"/>
</ds:Transforms>
<ds:DigestMethod Algorithm="http://www.w3.org/2001/04/xmlenc#sha256"/>
<ds:DigestValue>AQipSVorefpL240fYhKz34H34oHEH42W75fGw+aqybg=</ds:DigestValue>
</ds:Reference>
</ds:SignedInfo>
<ds:SignatureValue Id="xmldsig-662e468f-cc73-422a-aadd-dacbc3519982-sigvalue">
cNYH/uNWjUKz15+PVQgDySTRh9K5ou7/k6UkbG0Auei0tXrq3Cpz2PSUUaXYl4wsHEEQqFYFotnQ&#13;
1xvAExxqrZp2H7vGCFfmqBiJ3Os+GmEySg3QbafsntXHUCc8dEcPiDJ88gv5wPU9JHGVmEcWL75U&#13;
ktPe1o0PbRbX4fkm++ZQg77hBjGMjBjwOEaY7DzRRH/kNuDET6Cvj6xzxU/LtcUHhz1ZTyLSGexf&#13;
TpCF4g9p8JNAvWRrDH11JsIzHV1TDyOJq3HoM/97PPVWwPrfECpbZ/wocBCU27kCGpZYfQ6Yi0Dg&#13;
TtPAeQdB19JmZ6DU/wI6h4tFq2syrToYX8a8kA==
</ds:SignatureValue>
<ds:KeyInfo>
<ds:X509Data>
<ds:X509Certificate>
MIIFOTCCAyGgAwIBAgIGAYP18p0UMA0GCSqGSIb3DQEBCwUAMFoxCzAJBgNVBAYTAkNSMR8wHQYD&#13;
VQQKDBZNSU5JU1RFUklPIERFIEhBQ0lFTkRBMQwwCgYDVQQLDANER1QxHDAaBgNVBAMME0NBIFBF&#13;
UlNPTkEgSlVSSURJQ0EwHhcNMjIxMDIwMTUxMTAxWhcNMjYxMDE5MTUxMTAxWjCBkzEZMBcGA1UE&#13;
BRMQQ1BKLTQtMDAwLTA0MjEzODELMAkGA1UEBhMCQ1IxGTAXBgNVBAoMEFBFUlNPTkEgSlVSSURJ&#13;
Q0ExDDAKBgNVBAsMA0NQSjFAMD4GA1UEAww3SU5TVElUVVRPIENPU1RBUlJJQ0VOU0UgREUgQUNV&#13;
RURVQ1RPUyBZIEFMQ0FOVEFSSUxMQURPUzCCASIwDQYJKoZIhvcNAQEBBQADggEPADCCAQoCggEB&#13;
ALJ0IMU3ubDKU5W4FcgQYvMy7AaXll6/ldJWIkbwO0h8Pv5ssYTO4KNg8GBwb9/uFAVkaJCnSn91&#13;
Lfv8rrc7JGfvi9cP3RA9+JtL9DWUTG7tgpCHnGStuFZBVZrnTCxtY67X0w5KGEvbWMFsF5KkU2L2&#13;
CfHu/b//hu3HVlmTN34tzNpD3eQZUVljQuLmo5AGN6rWm0bJzO2OxWRiWdZtwR6fdPjhSp23CWAV&#13;
0/il/slf2ZHSXC3nPl/nxPTOW/ABmb1v1BRAKK6z9XwaA9sPiLVN/pkNHI79Dj3yaoR8dJal/PbB&#13;
R4bAA1AKimwYjrycgQMnt1OxOm87voxdI2Dk1ocCAwEAAaOByjCBxzAfBgNVHSMEGDAWgBQ7bVf1&#13;
1nzpnhACIEHjvRrMz7NOlTAdBgNVHQ4EFgQUa4qkOCkYobhAyaZIObrBBezyxmMwCwYDVR0PBAQD&#13;
AgbAMBMGA1UdJQQMMAoGCCsGAQUFBwMEMGMGCCsGAQUFBwEBBFcwVTBTBggrBgEFBQcwAoZHaHR0&#13;
cHM6Ly9wa2kuY29tcHJvYmFudGVzZWxlY3Ryb25pY29zLmdvLmNyL3Byb2QvaW50ZXJtZWRpYXRl&#13;
LXBqLXBlbS5jcnQwDQYJKoZIhvcNAQELBQADggIBAEOdydqzvUf4V5FuhuZm9txuR6Q1V47ff+sU&#13;
URTg0+18U54jyNnIDdntWy10VOM+Qjwp5qYj9EPpbwnis0TkyVaZTt79Y8PCusosPp09UmFjOk0I&#13;
pFV8L0IsxNz2nb2Q52u60mcomTMBowlneXCFNh3yDbIqsHpEuoRnEuGJMSStXIVN/Z107SGDUGa0&#13;
9nsR+73H9MlZHQ9DWr9SChT8X8SzZBav4ydhVzkRBeqFH4g9qmd0YKBqfxQiwAt87IUe+LEctn1I&#13;
jPs7diUsJy0GvvdRxGTa4oYa95FPYgo6hMOjCCX42X7v9YyDqBjpYmY2VqfFXUKljx6F54VZCPh1&#13;
8ZYFQeGC+AlD82XcIsoYMNJLolAaQdumlxhkP5buaQkbboH/8WxS5WwO4sndYDt0cpBIfwqE+CZU&#13;
8FJ2bV+jj7tb5Ob7ls5aBNA0ccCqK2guB7nVsAbjKs+4oLY/b7leBIal/xOxTsCKU5SkrwhLHDl9&#13;
UCEA6IuEWEHFIiZXkadlP92haURhh+VURbtLQ0hx6PG67enUvjvjTm+dxHb2WnHnhaPk6nDdUnH/&#13;
M/ERj5vR5wjN0b4P6liKoqBdZky2/GIt5gDD3LNr0WQYFjrQFKtT6jkhp5l7LWKKGcAWuSu+EEYS&#13;
kKh123MtSY7RntRL05THfNtlHnCrxlylJzbLQbv3
</ds:X509Certificate>
<ds:X509IssuerSerial>
<ds:X509IssuerName>cn=CA PERSONA JURIDICA,ou=DGT,o=MINISTERIO DE HACIENDA,c=CR</ds:X509IssuerName>
<ds:X509SerialNumber>1666278661396</ds:X509SerialNumber>
</ds:X509IssuerSerial>
<ds:X509SubjectName>cn=INSTITUTO COSTARRICENSE DE ACUEDUCTOS Y ALCANTARILLADOS,ou=CPJ,o=PERSONA JURIDICA,c=CR,serialNumber=CPJ-4-000-042138</ds:X509SubjectName>
</ds:X509Data>
</ds:KeyInfo>
<ds:Object><xades:QualifyingProperties xmlns:xades="http://uri.etsi.org/01903/v1.3.2#" xmlns:xades141="http://uri.etsi.org/01903/v1.4.1#" Target="#xmldsig-662e468f-cc73-422a-aadd-dacbc3519982"><xades:SignedProperties Id="xmldsig-662e468f-cc73-422a-aadd-dacbc3519982-signedprops"><xades:SignedSignatureProperties><xades:SigningTime>2024-07-09T04:05:04.002-06:00</xades:SigningTime><xades:SigningCertificate><xades:Cert><xades:CertDigest><ns2:DigestMethod Algorithm="http://www.w3.org/2001/04/xmlenc#sha256"/><ns2:DigestValue>hl06pBWjFElinNv8xPEInylSMh80rQw651zgezg2SC8=</ns2:DigestValue></xades:CertDigest><xades:IssuerSerial><ns2:X509IssuerName>cn=CA PERSONA JURIDICA,ou=DGT,o=MINISTERIO DE HACIENDA,c=CR</ns2:X509IssuerName><ns2:X509SerialNumber>1666278661396</ns2:X509SerialNumber></xades:IssuerSerial></xades:Cert></xades:SigningCertificate><xades:SignaturePolicyIdentifier><xades:SignaturePolicyId><xades:SigPolicyId><xades:Identifier>https://tribunet.hacienda.go.cr/docs/esquemas/2016/v4.1/Resolucion_Comprobantes_Electronicos_DGT-R-48-2016.pdf</xades:Identifier></xades:SigPolicyId><xades:SigPolicyHash><ns2:DigestMethod Algorithm="http://www.w3.org/2001/04/xmlenc#sha256"/><ns2:DigestValue>QzhDo40uH97Xutu0t04cwM82OPdENTPbicmXZeH4/tc=</ns2:DigestValue></xades:SigPolicyHash></xades:SignaturePolicyId></xades:SignaturePolicyIdentifier></xades:SignedSignatureProperties><xades:SignedDataObjectProperties><xades:DataObjectFormat ObjectReference="#xmldsig-662e468f-cc73-422a-aadd-dacbc3519982-ref0"><xades:MimeType>application/octet-stream</xades:MimeType></xades:DataObjectFormat></xades:SignedDataObjectProperties></xades:SignedProperties></xades:QualifyingProperties></ds:Object>
</ds:Signature></TiqueteElectronico>